[{
	"file_type" : "one",
	"data_image" : "http://placehold.it/298x198",
	"data_title" : "Lorem ipsum dolor sit amet, nam ei dicta fabellas Lorem ipsum dolor sit amet, nam ei dicta fabellas",
	"data_alt" : "Image Alt Text",
	"data_date" : "January 20, 2014",
	"data_caption" : "las, qui feugait democritum at. Pri in mundi honestatis, movet voluptua recusabo pro cu.  Pri in mundi honestatis, movet voluptua recusabo pro cu.",
	"data_url" : "episodes-inner.html"
},
{
	"file_type" : "two",
	"data_image" : "http://placehold.it/298x198",
	"data_title" : "Lorem ipsum dolor sit amet, nam ei dicta fabellas",
	"data_alt" : "Image Alt Text",
	"data_date" : "January 20, 2014",
	"data_caption" : "las, qui feugait democritum at. Pri in mundi honestatis, movet voluptua recusabo pro cu.  Pri in mundi honestatis, movet voluptua recusabo pro cu.",
	"data_url" : "episodes-inner.html"
},
{
	"file_type" : "three",
	"data_image" : "http://placehold.it/298x198",
	"data_title" : "Lorem ipsum dolor sit amet, nam ei dicta fabellas",
	"data_alt" : "Image Alt Text",
	"data_date" : "January 20, 2014",
	"data_caption" : "las, qui feugait democritum at. Pri in mundi honestatis, movet voluptua recusabo pro cu.  Pri in mundi honestatis, movet voluptua recusabo pro cu.",
	"data_url" : "episodes-inner.html"
},
{
	"file_type" : "four",
	"data_image" : "http://placehold.it/298x198",
	"data_title" : "Lorem ipsum dolor sit amet, nam ei dicta fabellas",
	"data_alt" : "Image Alt Text",
	"data_date" : "January 25, 2014",
	"data_caption" : "las, qui feugait democritum at. Pri in mundi honestatis, movet voluptua recusabo pro cu.  Pri in mundi honestatis, movet voluptua recusabo pro cu.",
	"data_url" : "episodes-inner.html"
},
{
	"file_type" : "five",
	"data_image" : "http://placehold.it/298x198",
	"data_title" : "Lorem ipsum dolor sit amet, nam ei dicta fabellas",
	"data_alt" : "Image Alt Text",
	"data_date" : "January 25, 2014",
	"data_caption" : "las, qui feugait democritum at. Pri in mundi honestatis, movet voluptua recusabo pro cu.  Pri in mundi honestatis, movet voluptua recusabo pro cu.",
	"data_url" : "episodes-inner.html"
},
{
	"file_type" : "six",
	"data_image" : "http://placehold.it/298x198",
	"data_title" : "Lorem ipsum dolor sit amet, nam ei dicta fabellas",
	"data_alt" : "Image Alt Text",
	"data_date" : "January 25, 2014",
	"data_caption" : "las, qui feugait democritum at. Pri in mundi honestatis, movet voluptua recusabo pro cu.  Pri in mundi honestatis, movet voluptua recusabo pro cu.",
	"data_url" : "episodes-inner.html"
},
{
	"file_type" : "seven",
	"data_image" : "http://placehold.it/298x198",
	"data_title" : "Lorem ipsum dolor sit amet, nam ei dicta fabellas",
	"data_alt" : "Image Alt Text",
	"data_date" : "January 12, 2014",
	"data_caption" : "las, qui feugait democritum at. Pri in mundi honestatis, movet voluptua recusabo pro cu.  Pri in mundi honestatis, movet voluptua recusabo pro cu.",
	"data_url" : "episodes-inner.html"
},
{
	"file_type" : "eight",
	"data_image" : "http://placehold.it/298x198",
	"data_title" : "Lorem ipsum dolor sit amet, nam ei dicta fabellas",
	"data_alt" : "Image Alt Text",
	"data_date" : "January 12, 2014",
	"data_caption" : "las, qui feugait democritum at. Pri in mundi honestatis, movet voluptua recusabo pro cu.  Pri in mundi honestatis, movet voluptua recusabo pro cu.",
	"data_url" : "episodes-inner.html"
},
{
	"file_type" : "nine",
	"data_image" : "http://placehold.it/298x198",
	"data_title" : "Lorem ipsum dolor sit amet, nam ei dicta fabellas",
	"data_alt" : "Image Alt Text",
	"data_date" : "January 12, 2014",
	"data_caption" : "las, qui feugait democritum at. Pri in mundi honestatis, movet voluptua recusabo pro cu.  Pri in mundi honestatis, movet voluptua recusabo pro cu.",
	"data_url" : "episodes-inner.html"
},
{
	"file_type" : "ten",
	"data_image" : "http://placehold.it/298x198",
	"data_title" : "Lorem ipsum dolor sit amet, nam ei dicta fabellas",
	"data_alt" : "Image Alt Text",
	"data_date" : "January 15, 2014",
	"data_caption" : "las, qui feugait democritum at. Pri in mundi honestatis, movet voluptua recusabo pro cu.  Pri in mundi honestatis, movet voluptua recusabo pro cu.",
	"data_url" : "episodes-inner.html"
},
{
	"file_type" : "eleven",
	"data_image" : "http://placehold.it/298x198",
	"data_title" : "Lorem ipsum dolor sit amet, nam ei dicta fabellas",
	"data_alt" : "Image Alt Text",
	"data_date" : "January 15, 2014",
	"data_caption" : "las, qui feugait democritum at. Pri in mundi honestatis, movet voluptua recusabo pro cu.  Pri in mundi honestatis, movet voluptua recusabo pro cu.",
	"data_url" : "episodes-inner.html"
},
{
	"file_type" : "twelve",
	"data_image" : "http://placehold.it/298x198",
	"data_title" : "Lorem ipsum dolor sit amet, nam ei dicta fabellas",
	"data_alt" : "Image Alt Text",
	"data_date" : "January 15, 2014",
	"data_caption" : "las, qui feugait democritum at. Pri in mundi honestatis, movet voluptua recusabo pro cu.  Pri in mundi honestatis, movet voluptua recusabo pro cu.",
	"data_url" : "episodes-inner.html"
},
{
	"file_type" : "thirteen",
	"data_image" : "http://placehold.it/298x198",
	"data_title" : "Lorem ipsum dolor sit amet, nam ei dicta fabellas",
	"data_alt" : "Image Alt Text",
	"data_date" : "January 20, 2014",
	"data_caption" : "las, qui feugait democritum at. Pri in mundi honestatis, movet voluptua recusabo pro cu.  Pri in mundi honestatis, movet voluptua recusabo pro cu.",
	"data_url" : "episodes-inner.html"
},
{
	"file_type" : "fourteen",
	"data_image" : "http://placehold.it/298x198",
	"data_title" : "Lorem ipsum dolor sit amet, nam ei dicta fabellas",
	"data_alt" : "Image Alt Text",
	"data_date" : "January 20, 2014",
	"data_caption" : "las, qui feugait democritum at. Pri in mundi honestatis, movet voluptua recusabo pro cu.  Pri in mundi honestatis, movet voluptua recusabo pro cu.",
	"data_url" : "episodes-inner.html"
},
{
	"file_type" : "fifteen",
	"data_image" : "http://placehold.it/298x198",
	"data_title" : "Lorem ipsum dolor sit amet, nam ei dicta fabellas",
	"data_alt" : "Image Alt Text",
	"data_date" : "January 20, 2014",
	"data_caption" : "las, qui feugait democritum at. Pri in mundi honestatis, movet voluptua recusabo pro cu.  Pri in mundi honestatis, movet voluptua recusabo pro cu.",
	"data_url" : "episodes-inner.html"
},
{
	"file_type" : "sixteen",
	"data_image" : "http://placehold.it/298x198",
	"data_title" : "Lorem ipsum dolor sit amet, nam ei dicta fabellas",
	"data_alt" : "Image Alt Text",
	"data_date" : "January 25, 2014",
	"data_caption" : "las, qui feugait democritum at. Pri in mundi honestatis, movet voluptua recusabo pro cu.  Pri in mundi honestatis, movet voluptua recusabo pro cu.",
	"data_url" : "episodes-inner.html"
},
{
	"file_type" : "seventeen",
	"data_image" : "http://placehold.it/298x198",
	"data_title" : "Lorem ipsum dolor sit amet, nam ei dicta fabellas",
	"data_alt" : "Image Alt Text",
	"data_date" : "January 25, 2014",
	"data_caption" : "las, qui feugait democritum at. Pri in mundi honestatis, movet voluptua recusabo pro cu.  Pri in mundi honestatis, movet voluptua recusabo pro cu.",
	"data_url" : "episodes-inner.html"
},
{
	"file_type" : "eigthteen",
	"data_image" : "http://placehold.it/298x198",
	"data_title" : "Lorem ipsum dolor sit amet, nam ei dicta fabellas",
	"data_alt" : "Image Alt Text",
	"data_date" : "January 25, 2014",
	"data_caption" : "las, qui feugait democritum at. Pri in mundi honestatis, movet voluptua recusabo pro cu.  Pri in mundi honestatis, movet voluptua recusabo pro cu.",
	"data_url" : "episodes-inner.html"
},
{
	"file_type" : "nineteen",
	"data_image" : "http://placehold.it/298x198",
	"data_title" : "Lorem ipsum dolor sit amet, nam ei dicta fabellas",
	"data_alt" : "Image Alt Text",
	"data_date" : "January 12, 2014",
	"data_caption" : "las, qui feugait democritum at. Pri in mundi honestatis, movet voluptua recusabo pro cu.  Pri in mundi honestatis, movet voluptua recusabo pro cu.",
	"data_url" : "episodes-inner.html"
},
{
	"file_type" : "twenty",
	"data_image" : "http://placehold.it/298x198",
	"data_title" : "Lorem ipsum dolor sit amet, nam ei dicta fabellas",
	"data_alt" : "Image Alt Text",
	"data_date" : "January 12, 2014",
	"data_caption" : "las, qui feugait democritum at. Pri in mundi honestatis, movet voluptua recusabo pro cu.  Pri in mundi honestatis, movet voluptua recusabo pro cu.",
	"data_url" : "episodes-inner.html"
},
{
	"file_type" : "twentyone",
	"data_image" : "http://placehold.it/298x198",
	"data_title" : "Lorem ipsum dolor sit amet, nam ei dicta fabellas",
	"data_alt" : "Image Alt Text",
	"data_date" : "January 12, 2014",
	"data_caption" : "las, qui feugait democritum at. Pri in mundi honestatis, movet voluptua recusabo pro cu.  Pri in mundi honestatis, movet voluptua recusabo pro cu.",
	"data_url" : "episodes-inner.html"
},
{
	"file_type" : "twentytwo",
	"data_image" : "http://placehold.it/298x198",
	"data_title" : "Lorem ipsum dolor sit amet, nam ei dicta fabellas",
	"data_alt" : "Image Alt Text",
	"data_date" : "January 15, 2014",
	"data_caption" : "las, qui feugait democritum at. Pri in mundi honestatis, movet voluptua recusabo pro cu.  Pri in mundi honestatis, movet voluptua recusabo pro cu.",
	"data_url" : "episodes-inner.html"
},
{
	"file_type" : "twentythree",
	"data_image" : "http://placehold.it/298x198",
	"data_title" : "Lorem ipsum dolor sit amet, nam ei dicta fabellas",
	"data_alt" : "Image Alt Text",
	"data_date" : "January 15, 2014",
	"data_caption" : "las, qui feugait democritum at. Pri in mundi honestatis, movet voluptua recusabo pro cu.  Pri in mundi honestatis, movet voluptua recusabo pro cu.",
	"data_url" : "episodes-inner.html"
},
{
	"file_type" : "twentyfour",
	"data_image" : "http://placehold.it/298x198",
	"data_title" : "Lorem ipsum dolor sit amet, nam ei dicta fabellas",
	"data_alt" : "Image Alt Text",
	"data_date" : "January 15, 2014",
	"data_caption" : "las, qui feugait democritum at. Pri in mundi honestatis, movet voluptua recusabo pro cu.  Pri in mundi honestatis, movet voluptua recusabo pro cu.",
	"data_url" : "episodes-inner.html"
},
{
	"file_type" : "twentyfive",
	"data_image" : "http://placehold.it/298x198",
	"data_title" : "Lorem ipsum dolor sit amet, nam ei dicta fabellas",
	"data_alt" : "Image Alt Text",
	"data_date" : "January 15, 2014",
	"data_caption" : "las, qui feugait democritum at. Pri in mundi honestatis, movet voluptua recusabo pro cu.  Pri in mundi honestatis, movet voluptua recusabo pro cu.",
	"data_url" : "episodes-inner.html"
},
{
	"file_type" : "twentysix",
	"data_image" : "http://placehold.it/298x198",
	"data_title" : "Lorem ipsum dolor sit amet, nam ei dicta fabellas",
	"data_alt" : "Image Alt Text",
	"data_date" : "January 20, 2014",
	"data_caption" : "las, qui feugait democritum at. Pri in mundi honestatis, movet voluptua recusabo pro cu.  Pri in mundi honestatis, movet voluptua recusabo pro cu.",
	"data_url" : "episodes-inner.html"
},
{
	"file_type" : "twentyseven",
	"data_image" : "http://placehold.it/298x198",
	"data_title" : "Lorem ipsum dolor sit amet, nam ei dicta fabellas",
	"data_alt" : "Image Alt Text",
	"data_date" : "January 20, 2014",
	"data_caption" : "las, qui feugait democritum at. Pri in mundi honestatis, movet voluptua recusabo pro cu.  Pri in mundi honestatis, movet voluptua recusabo pro cu.",
	"data_url" : "episodes-inner.html"
},
{
	"file_type" : "twentyeight",
	"data_image" : "http://placehold.it/298x198",
	"data_title" : "Lorem ipsum dolor sit amet, nam ei dicta fabellas",
	"data_alt" : "Image Alt Text",
	"data_date" : "January 20, 2014",
	"data_caption" : "las, qui feugait democritum at. Pri in mundi honestatis, movet voluptua recusabo pro cu.  Pri in mundi honestatis, movet voluptua recusabo pro cu.",
	"data_url" : "episodes-inner.html"
},
{
	"file_type" : "twentynine",
	"data_image" : "http://placehold.it/298x198",
	"data_title" : "Lorem ipsum dolor sit amet, nam ei dicta fabellas",
	"data_alt" : "Image Alt Text",
	"data_date" : "January 25, 2014",
	"data_caption" : "las, qui feugait democritum at. Pri in mundi honestatis, movet voluptua recusabo pro cu.  Pri in mundi honestatis, movet voluptua recusabo pro cu.",
	"data_url" : "episodes-inner.html"
}]